"artifactName","dependentArtifactName","packageName","dependentPackage.fqn","dependentTypes","dependentPackageTypes","typeUsagePercentage","dependentTypeNames","Source Cypher File: Package_Usage/How_many_classes_compared_to_all_existing_in_the_same_package_are_used_by_dependent_packages_across_different_artifacts.cypher"
"axon-modelling-4.8.0","axon-messaging-4.8.0","org.axonframework.modelling.saga.metamodel","org.axonframework.eventhandling",1,93,0.010752688172043012,"org.axonframework.eventhandling.EventMessage",""
"axon-test-4.8.0","axon-messaging-4.8.0","org.axonframework.test.matchers","org.axonframework.eventhandling",1,93,0.010752688172043012,"org.axonframework.eventhandling.EventMessage",""
"axon-eventsourcing-4.8.0","axon-messaging-4.8.0","org.axonframework.eventsourcing.snapshotting","org.axonframework.eventhandling",1,93,0.010752688172043012,"org.axonframework.eventhandling.DomainEventData",""
"axon-eventsourcing-4.8.0","axon-modelling-4.8.0","org.axonframework.eventsourcing.eventstore.jdbc","org.axonframework.modelling.command",1,51,0.0196078431372549,"org.axonframework.modelling.command.ConcurrencyException",""
"axon-eventsourcing-4.8.0","axon-modelling-4.8.0","org.axonframework.eventsourcing.conflictresolution","org.axonframework.modelling.command",1,51,0.0196078431372549,"org.axonframework.modelling.command.ConflictingAggregateVersionException",""
"axon-eventsourcing-4.8.0","axon-messaging-4.8.0","org.axonframework.eventsourcing.conflictresolution","org.axonframework.eventhandling",2,93,0.021505376344086023,"org.axonframework.eventhandling.EventMessage,org.axonframework.eventhandling.DomainEventMessage",""
"axon-test-4.8.0","axon-messaging-4.8.0","org.axonframework.test.eventscheduler","org.axonframework.eventhandling",2,93,0.021505376344086023,"org.axonframework.eventhandling.EventMessage,org.axonframework.eventhandling.GenericEventMessage",""
"axon-modelling-4.8.0","axon-messaging-4.8.0","org.axonframework.modelling.command.legacyjpa","org.axonframework.eventhandling",2,93,0.021505376344086023,"org.axonframework.eventhandling.DomainEventSequenceAware,org.axonframework.eventhandling.EventBus",""
"axon-modelling-4.8.0","axon-messaging-4.8.0","org.axonframework.modelling.command","org.axonframework.eventhandling",2,93,0.021505376344086023,"org.axonframework.eventhandling.DomainEventSequenceAware,org.axonframework.eventhandling.EventBus",""
"axon-test-4.8.0","axon-messaging-4.8.0","org.axonframework.test","org.axonframework.messaging",1,35,0.02857142857142857,"org.axonframework.messaging.Message",""
"axon-test-4.8.0","axon-messaging-4.8.0","org.axonframework.test.matchers","org.axonframework.messaging",1,35,0.02857142857142857,"org.axonframework.messaging.Message",""
"axon-eventsourcing-4.8.0","axon-messaging-4.8.0","org.axonframework.eventsourcing.conflictresolution","org.axonframework.messaging",1,35,0.02857142857142857,"org.axonframework.messaging.Message",""
"axon-eventsourcing-4.8.0","axon-messaging-4.8.0","org.axonframework.eventsourcing.eventstore","org.axonframework.messaging",1,35,0.02857142857142857,"org.axonframework.messaging.StreamableMessageSource",""
"axon-eventsourcing-4.8.0","axon-messaging-4.8.0","org.axonframework.eventsourcing.eventstore.jpa","org.axonframework.serialization",1,34,0.029411764705882353,"org.axonframework.serialization.Serializer",""
"axon-eventsourcing-4.8.0","axon-messaging-4.8.0","org.axonframework.eventsourcing.eventstore.legacyjpa","org.axonframework.serialization",1,34,0.029411764705882353,"org.axonframework.serialization.Serializer",""
"axon-eventsourcing-4.8.0","axon-messaging-4.8.0","org.axonframework.eventsourcing.eventstore.jdbc","org.axonframework.serialization",1,34,0.029411764705882353,"org.axonframework.serialization.Serializer",""
"axon-eventsourcing-4.8.0","axon-messaging-4.8.0","org.axonframework.eventsourcing.eventstore.jdbc.statements","org.axonframework.eventhandling",3,93,0.03225806451612903,"org.axonframework.eventhandling.EventMessage,org.axonframework.eventhandling.GenericDomainEventMessage,org.axonframework.eventhandling.DomainEventMessage",""
"axon-test-4.8.0","axon-modelling-4.8.0","org.axonframework.test.utils","org.axonframework.modelling.saga",1,30,0.03333333333333333,"org.axonframework.modelling.saga.SimpleResourceInjector",""
"axon-eventsourcing-4.8.0","axon-messaging-4.8.0","org.axonframework.eventsourcing.conflictresolution","org.axonframework.commandhandling",1,29,0.034482758620689655,"org.axonframework.commandhandling.CommandMessage",""
"axon-test-4.8.0","axon-messaging-4.8.0","org.axonframework.test.matchers","org.axonframework.commandhandling",1,29,0.034482758620689655,"org.axonframework.commandhandling.CommandMessage",""
"axon-test-4.8.0","axon-messaging-4.8.0","org.axonframework.test.server","org.axonframework.common",1,28,0.03571428571428571,"org.axonframework.common.Assert",""
"axon-eventsourcing-4.8.0","axon-messaging-4.8.0","org.axonframework.eventsourcing.conflictresolution","org.axonframework.common",1,28,0.03571428571428571,"org.axonframework.common.Assert",""
"axon-modelling-4.8.0","axon-messaging-4.8.0","org.axonframework.modelling.command.legacyjpa","org.axonframework.common",1,28,0.03571428571428571,"org.axonframework.common.BuilderUtils",""
"axon-eventsourcing-4.8.0","axon-messaging-4.8.0","org.axonframework.eventsourcing.snapshotting","org.axonframework.common",1,28,0.03571428571428571,"org.axonframework.common.BuilderUtils",""
"axon-test-4.8.0","axon-messaging-4.8.0","org.axonframework.test.utils","org.axonframework.common",1,28,0.03571428571428571,"org.axonframework.common.Registration",""
"axon-test-4.8.0","axon-messaging-4.8.0","org.axonframework.test.eventscheduler","org.axonframework.common",1,28,0.03571428571428571,"org.axonframework.common.DateTimeUtils",""
"axon-eventsourcing-4.8.0","axon-messaging-4.8.0","org.axonframework.eventsourcing.eventstore.jdbc.statements","org.axonframework.common",1,28,0.03571428571428571,"org.axonframework.common.DateTimeUtils",""
"axon-modelling-4.8.0","axon-messaging-4.8.0","org.axonframework.modelling.command.legacyjpa","org.axonframework.messaging.annotation",2,54,0.037037037037037035,"org.axonframework.messaging.annotation.HandlerDefinition,org.axonframework.messaging.annotation.ParameterResolverFactory",""
"axon-test-4.8.0","axon-messaging-4.8.0","org.axonframework.test","org.axonframework.messaging.annotation",2,54,0.037037037037037035,"org.axonframework.messaging.annotation.ParameterResolver,org.axonframework.messaging.annotation.ParameterResolverFactory",""
"axon-eventsourcing-4.8.0","axon-messaging-4.8.0","org.axonframework.eventsourcing.conflictresolution","org.axonframework.messaging.annotation",2,54,0.037037037037037035,"org.axonframework.messaging.annotation.ParameterResolver,org.axonframework.messaging.annotation.ParameterResolverFactory",""
"axon-eventsourcing-4.8.0","axon-modelling-4.8.0","org.axonframework.eventsourcing.eventstore","org.axonframework.modelling.command",2,51,0.0392156862745098,"org.axonframework.modelling.command.ConcurrencyException,org.axonframework.modelling.command.AggregateStreamCreationException",""
"axon-configuration-4.8.0","axon-disruptor-4.8.0","org.axonframework.config","org.axonframework.disruptor.commandhandling",1,22,0.045454545454545456,"org.axonframework.disruptor.commandhandling.DisruptorCommandBus",""
"axon-modelling-4.8.0","axon-messaging-4.8.0","org.axonframework.modelling.command.inspection","org.axonframework.eventhandling",5,93,0.053763440860215055,"org.axonframework.eventhandling.EventMessage,org.axonframework.eventhandling.GenericDomainEventMessage,org.axonframework.eventhandling.GenericEventMessage,org.axonframework.eventhandling.EventBus,org.axonframework.eventhandling.DomainEventMessage",""
"axon-eventsourcing-4.8.0","axon-messaging-4.8.0","org.axonframework.eventsourcing.eventstore.jpa","org.axonframework.common.jdbc",1,18,0.05555555555555555,"org.axonframework.common.jdbc.PersistenceExceptionResolver",""
"axon-eventsourcing-4.8.0","axon-messaging-4.8.0","org.axonframework.eventsourcing.eventstore","org.axonframework.common.jdbc",1,18,0.05555555555555555,"org.axonframework.common.jdbc.PersistenceExceptionResolver",""
"axon-configuration-4.8.0","axon-messaging-4.8.0","org.axonframework.config","org.axonframework.common.jdbc",1,18,0.05555555555555555,"org.axonframework.common.jdbc.PersistenceExceptionResolver",""
"axon-eventsourcing-4.8.0","axon-messaging-4.8.0","org.axonframework.eventsourcing.eventstore.legacyjpa","org.axonframework.common.jdbc",1,18,0.05555555555555555,"org.axonframework.common.jdbc.PersistenceExceptionResolver",""
"axon-modelling-4.8.0","axon-messaging-4.8.0","org.axonframework.modelling.saga.repository","org.axonframework.messaging.annotation",3,54,0.05555555555555555,"org.axonframework.messaging.annotation.HandlerDefinition,org.axonframework.messaging.annotation.MessageHandlerInterceptorMemberChain,org.axonframework.messaging.annotation.ParameterResolverFactory",""
"axon-modelling-4.8.0","axon-messaging-4.8.0","org.axonframework.modelling.command.legacyjpa","org.axonframework.tracing",1,18,0.05555555555555555,"org.axonframework.tracing.SpanFactory",""
"axon-eventsourcing-4.8.0","axon-messaging-4.8.0","org.axonframework.eventsourcing.eventstore","org.axonframework.tracing",1,18,0.05555555555555555,"org.axonframework.tracing.SpanFactory",""
"axon-eventsourcing-4.8.0","axon-messaging-4.8.0","org.axonframework.eventsourcing.eventstore.legacyjpa","org.axonframework.tracing",1,18,0.05555555555555555,"org.axonframework.tracing.SpanFactory",""
"axon-eventsourcing-4.8.0","axon-messaging-4.8.0","org.axonframework.eventsourcing","org.axonframework.messaging",2,35,0.05714285714285714,"org.axonframework.messaging.Message,org.axonframework.messaging.MetaData",""
"axon-eventsourcing-4.8.0","axon-messaging-4.8.0","org.axonframework.eventsourcing.snapshotting","org.axonframework.serialization",2,34,0.058823529411764705,"org.axonframework.serialization.SerializedObject,org.axonframework.serialization.SerializedType",""
"axon-disruptor-4.8.0","axon-eventsourcing-4.8.0","org.axonframework.disruptor.commandhandling","org.axonframework.eventsourcing.eventstore",2,31,0.06451612903225806,"org.axonframework.eventsourcing.eventstore.EventStore,org.axonframework.eventsourcing.eventstore.DomainEventStream",""
"axon-eventsourcing-4.8.0","axon-messaging-4.8.0","org.axonframework.eventsourcing.eventstore.inmemory","org.axonframework.eventhandling",6,93,0.06451612903225806,"org.axonframework.eventhandling.TrackedEventMessage,org.axonframework.eventhandling.EventMessage,org.axonframework.eventhandling.EventUtils,org.axonframework.eventhandling.GlobalSequenceTrackingToken,org.axonframework.eventhandling.TrackingToken,org.axonframework.eventhandling.DomainEventMessage",""
"axon-modelling-4.8.0","axon-messaging-4.8.0","org.axonframework.modelling.saga.repository","org.axonframework.common.caching",1,15,0.06666666666666667,"org.axonframework.common.caching.Cache",""
"axon-eventsourcing-4.8.0","axon-messaging-4.8.0","org.axonframework.eventsourcing","org.axonframework.common.caching",1,15,0.06666666666666667,"org.axonframework.common.caching.Cache",""
"axon-test-4.8.0","axon-messaging-4.8.0","org.axonframework.test.saga","org.axonframework.commandhandling",2,29,0.06896551724137931,"org.axonframework.commandhandling.CommandMessage,org.axonframework.commandhandling.CommandBus",""
"axon-modelling-4.8.0","axon-messaging-4.8.0","org.axonframework.modelling.saga.repository.jdbc","org.axonframework.common",2,28,0.07142857142857142,"org.axonframework.common.AxonConfigurationException,org.axonframework.common.BuilderUtils",""
"axon-modelling-4.8.0","axon-messaging-4.8.0","org.axonframework.modelling.saga.repository.jpa","org.axonframework.common",2,28,0.07142857142857142,"org.axonframework.common.AxonConfigurationException,org.axonframework.common.BuilderUtils",""
"axon-modelling-4.8.0","axon-messaging-4.8.0","org.axonframework.modelling.saga.repository.legacyjpa","org.axonframework.common",2,28,0.07142857142857142,"org.axonframework.common.AxonConfigurationException,org.axonframework.common.BuilderUtils",""
"axon-test-4.8.0","axon-messaging-4.8.0","org.axonframework.test.saga","org.axonframework.common",2,28,0.07142857142857142,"org.axonframework.common.Assert,org.axonframework.common.ReflectionUtils",""
"axon-test-4.8.0","axon-messaging-4.8.0","org.axonframework.test","org.axonframework.common",2,28,0.07142857142857142,"org.axonframework.common.AxonNonTransientException,org.axonframework.common.Priority",""
"axon-test-4.8.0","axon-messaging-4.8.0","org.axonframework.test.deadline","org.axonframework.common",2,28,0.07142857142857142,"org.axonframework.common.Registration,org.axonframework.common.DateTimeUtils",""
"axon-test-4.8.0","axon-messaging-4.8.0","org.axonframework.test.deadline","org.axonframework.messaging.unitofwork",1,14,0.07142857142857142,"org.axonframework.messaging.unitofwork.DefaultUnitOfWork",""
"axon-test-4.8.0","axon-messaging-4.8.0","org.axonframework.test.saga","org.axonframework.messaging.unitofwork",1,14,0.07142857142857142,"org.axonframework.messaging.unitofwork.DefaultUnitOfWork",""
"axon-eventsourcing-4.8.0","axon-messaging-4.8.0","org.axonframework.eventsourcing","org.axonframework.messaging.annotation",4,54,0.07407407407407407,"org.axonframework.messaging.annotation.HandlerDefinition,org.axonframework.messaging.annotation.ParameterResolverFactory,org.axonframework.messaging.annotation.ClasspathParameterResolverFactory,org.axonframework.messaging.annotation.ClasspathHandlerDefinition",""
"axon-disruptor-4.8.0","axon-messaging-4.8.0","org.axonframework.disruptor.commandhandling","org.axonframework.messaging.annotation",4,54,0.07407407407407407,"org.axonframework.messaging.annotation.HandlerDefinition,org.axonframework.messaging.annotation.ParameterResolverFactory,org.axonframework.messaging.annotation.ClasspathParameterResolverFactory,org.axonframework.messaging.annotation.ClasspathHandlerDefinition",""
"axon-test-4.8.0","axon-messaging-4.8.0","org.axonframework.test.aggregate","org.axonframework.eventhandling",7,93,0.07526881720430108,"org.axonframework.eventhandling.EventMessage,org.axonframework.eventhandling.GenericDomainEventMessage,org.axonframework.eventhandling.GenericEventMessage,org.axonframework.eventhandling.EventBus,org.axonframework.eventhandling.TrackingToken,org.axonframework.eventhandling.DomainEventMessage,org.axonframework.eventhandling.TrackingEventStream",""
"axon-disruptor-4.8.0","axon-modelling-4.8.0","org.axonframework.disruptor.commandhandling","org.axonframework.modelling.command.inspection",2,26,0.07692307692307693,"org.axonframework.modelling.command.inspection.AnnotatedAggregateMetaModelFactory,org.axonframework.modelling.command.inspection.AggregateModel",""
"axon-eventsourcing-4.8.0","axon-messaging-4.8.0","org.axonframework.eventsourcing.eventstore.legacyjpa","org.axonframework.serialization.upcasting.event",1,12,0.08333333333333333,"org.axonframework.serialization.upcasting.event.EventUpcaster",""
"axon-eventsourcing-4.8.0","axon-messaging-4.8.0","org.axonframework.eventsourcing.eventstore.jpa","org.axonframework.serialization.upcasting.event",1,12,0.08333333333333333,"org.axonframework.serialization.upcasting.event.EventUpcaster",""
"axon-eventsourcing-4.8.0","axon-messaging-4.8.0","org.axonframework.eventsourcing.eventstore.jdbc","org.axonframework.serialization.upcasting.event",1,12,0.08333333333333333,"org.axonframework.serialization.upcasting.event.EventUpcaster",""
"axon-modelling-4.8.0","axon-messaging-4.8.0","org.axonframework.modelling.saga","org.axonframework.eventhandling",8,93,0.08602150537634409,"org.axonframework.eventhandling.EventMessage,org.axonframework.eventhandling.Segment,org.axonframework.eventhandling.LoggingErrorHandler,org.axonframework.eventhandling.ListenerInvocationErrorHandler,org.axonframework.eventhandling.EventMessageHandler,org.axonframework.eventhandling.EventHandlerInvoker,org.axonframework.eventhandling.EventHandler,org.axonframework.eventhandling.ResetNotSupportedException",""
"axon-configuration-4.8.0","axon-messaging-4.8.0","org.axonframework.config","org.axonframework.commandhandling.gateway",3,34,0.08823529411764706,"org.axonframework.commandhandling.gateway.CommandGateway,org.axonframework.commandhandling.gateway.DefaultCommandGateway,org.axonframework.commandhandling.gateway.DefaultCommandGateway$Builder",""
"axon-eventsourcing-4.8.0","axon-messaging-4.8.0","org.axonframework.eventsourcing.eventstore.jdbc.statements","org.axonframework.serialization",3,34,0.08823529411764706,"org.axonframework.serialization.SerializedObject,org.axonframework.serialization.Serializer,org.axonframework.serialization.SerializedType",""
"axon-modelling-4.8.0","axon-messaging-4.8.0","org.axonframework.modelling.saga.repository.legacyjpa","org.axonframework.serialization",3,34,0.08823529411764706,"org.axonframework.serialization.Serializer,org.axonframework.serialization.SerializedType,org.axonframework.serialization.SimpleSerializedObject",""
"axon-eventsourcing-4.8.0","axon-messaging-4.8.0","org.axonframework.eventsourcing","org.axonframework.serialization",3,34,0.08823529411764706,"org.axonframework.serialization.Serializer,org.axonframework.serialization.SerializedMessage,org.axonframework.serialization.LazyDeserializingObject",""
"axon-eventsourcing-4.8.0","axon-messaging-4.8.0","org.axonframework.eventsourcing","org.axonframework.common.lock",1,11,0.09090909090909091,"org.axonframework.common.lock.LockFactory",""
"axon-test-4.8.0","axon-eventsourcing-4.8.0","org.axonframework.test.aggregate","org.axonframework.eventsourcing.eventstore",3,31,0.0967741935483871,"org.axonframework.eventsourcing.eventstore.EventStore,org.axonframework.eventsourcing.eventstore.DomainEventStream,org.axonframework.eventsourcing.eventstore.EventStoreException",""
"axon-eventsourcing-4.8.0","axon-messaging-4.8.0","org.axonframework.eventsourcing.eventstore.jdbc","org.axonframework.eventhandling",9,93,0.0967741935483871,"org.axonframework.eventhandling.EventMessage,org.axonframework.eventhandling.GenericEventMessage,org.axonframework.eventhandling.TrackedDomainEventData,org.axonframework.eventhandling.GenericDomainEventEntry,org.axonframework.eventhandling.TrackingToken,org.axonframework.eventhandling.TrackedEventData,org.axonframework.eventhandling.GapAwareTrackingToken,org.axonframework.eventhandling.DomainEventMessage,org.axonframework.eventhandling.DomainEventData",""
"axon-modelling-4.8.0","axon-messaging-4.8.0","org.axonframework.modelling.command","org.axonframework.deadline",1,10,0.1,"org.axonframework.deadline.DeadlineMessage",""
"axon-test-4.8.0","axon-messaging-4.8.0","org.axonframework.test.saga","org.axonframework.deadline",1,10,0.1,"org.axonframework.deadline.DeadlineMessage",""
"axon-test-4.8.0","axon-messaging-4.8.0","org.axonframework.test.aggregate","org.axonframework.deadline",1,10,0.1,"org.axonframework.deadline.DeadlineMessage",""
"axon-configuration-4.8.0","axon-messaging-4.8.0","org.axonframework.config","org.axonframework.eventhandling.pooled",2,20,0.1,"org.axonframework.eventhandling.pooled.PooledStreamingEventProcessor$Builder,org.axonframework.eventhandling.pooled.PooledStreamingEventProcessor",""
"axon-modelling-4.8.0","axon-messaging-4.8.0","org.axonframework.modelling.command.inspection","org.axonframework.commandhandling",3,29,0.10344827586206896,"org.axonframework.commandhandling.CommandMessage,org.axonframework.commandhandling.CommandMessageHandlingMember,org.axonframework.commandhandling.NoHandlerForCommandException",""
"axon-test-4.8.0","axon-messaging-4.8.0","org.axonframework.test.matchers","org.axonframework.common",3,28,0.10714285714285714,"org.axonframework.common.ReflectionUtils,org.axonframework.common.BuilderUtils,org.axonframework.common.AxonNonTransientException",""
"axon-test-4.8.0","axon-messaging-4.8.0","org.axonframework.test.saga","org.axonframework.eventhandling",10,93,0.10752688172043011,"org.axonframework.eventhandling.SimpleEventBus$Builder,org.axonframework.eventhandling.EventMessage,org.axonframework.eventhandling.GenericDomainEventMessage,org.axonframework.eventhandling.Segment,org.axonframework.eventhandling.GenericEventMessage,org.axonframework.eventhandling.EventBus,org.axonframework.eventhandling.SimpleEventBus,org.axonframework.eventhandling.LoggingErrorHandler,org.axonframework.eventhandling.ListenerInvocationErrorHandler,org.axonframework.eventhandling.EventMessageHandler",""
"axon-modelling-4.8.0","axon-messaging-4.8.0","org.axonframework.modelling.command","org.axonframework.messaging.annotation",6,54,0.1111111111111111,"org.axonframework.messaging.annotation.MessageHandlingMember,org.axonframework.messaging.annotation.HandlerDefinition,org.axonframework.messaging.annotation.ParameterResolverFactory,org.axonframework.messaging.annotation.HasHandlerAttributes,org.axonframework.messaging.annotation.ClasspathParameterResolverFactory,org.axonframework.messaging.annotation.ClasspathHandlerDefinition",""
"axon-configuration-4.8.0","axon-messaging-4.8.0","org.axonframework.config","org.axonframework.tracing",2,18,0.1111111111111111,"org.axonframework.tracing.SpanFactory,org.axonframework.tracing.NoOpSpanFactory",""
"axon-test-4.8.0","axon-messaging-4.8.0","org.axonframework.test.utils","org.axonframework.messaging",4,35,0.11428571428571428,"org.axonframework.messaging.MessageHandler,org.axonframework.messaging.MetaData,org.axonframework.messaging.MessageHandlerInterceptor,org.axonframework.messaging.MessageDispatchInterceptor",""
"axon-configuration-4.8.0","axon-modelling-4.8.0","org.axonframework.config","org.axonframework.modelling.command.inspection",3,26,0.11538461538461539,"org.axonframework.modelling.command.inspection.AggregateMetaModelFactory,org.axonframework.modelling.command.inspection.AnnotatedAggregateMetaModelFactory,org.axonframework.modelling.command.inspection.AggregateModel",""
"axon-eventsourcing-4.8.0","axon-modelling-4.8.0","org.axonframework.eventsourcing","org.axonframework.modelling.command.inspection",3,26,0.11538461538461539,"org.axonframework.modelling.command.inspection.AnnotatedAggregateMetaModelFactory,org.axonframework.modelling.command.inspection.AnnotatedAggregate,org.axonframework.modelling.command.inspection.AggregateModel",""
"axon-test-4.8.0","axon-modelling-4.8.0","org.axonframework.test.aggregate","org.axonframework.modelling.command.inspection",3,26,0.11538461538461539,"org.axonframework.modelling.command.inspection.AnnotatedAggregateMetaModelFactory,org.axonframework.modelling.command.inspection.AnnotatedAggregate,org.axonframework.modelling.command.inspection.AggregateModel",""
"axon-modelling-4.8.0","axon-messaging-4.8.0","org.axonframework.modelling.saga.repository.jdbc","org.axonframework.serialization",4,34,0.11764705882352941,"org.axonframework.serialization.SerializedObject,org.axonframework.serialization.Serializer,org.axonframework.serialization.SerializedType,org.axonframework.serialization.SimpleSerializedObject",""
"axon-modelling-4.8.0","axon-messaging-4.8.0","org.axonframework.modelling.saga.repository.jpa","org.axonframework.serialization",4,34,0.11764705882352941,"org.axonframework.serialization.SerializedObject,org.axonframework.serialization.Serializer,org.axonframework.serialization.SerializedType,org.axonframework.serialization.SimpleSerializedObject",""
"axon-eventsourcing-4.8.0","axon-messaging-4.8.0","org.axonframework.eventsourcing.eventstore","org.axonframework.serialization",4,34,0.11764705882352941,"org.axonframework.serialization.SerializedObject,org.axonframework.serialization.Serializer,org.axonframework.serialization.RevisionResolver,org.axonframework.serialization.SerializedType",""
"axon-configuration-4.8.0","axon-messaging-4.8.0","org.axonframework.config","org.axonframework.serialization",4,34,0.11764705882352941,"org.axonframework.serialization.Serializer,org.axonframework.serialization.RevisionResolver,org.axonframework.serialization.Revision,org.axonframework.serialization.AnnotationRevisionResolver",""
"axon-eventsourcing-4.8.0","axon-messaging-4.8.0","org.axonframework.eventsourcing.eventstore.jpa","org.axonframework.eventhandling",11,93,0.11827956989247312,"org.axonframework.eventhandling.EventMessage,org.axonframework.eventhandling.GenericDomainEventMessage,org.axonframework.eventhandling.GenericEventMessage,org.axonframework.eventhandling.TrackedDomainEventData,org.axonframework.eventhandling.AbstractSequencedDomainEventEntry,org.axonframework.eventhandling.GenericDomainEventEntry,org.axonframework.eventhandling.TrackingToken,org.axonframework.eventhandling.TrackedEventData,org.axonframework.eventhandling.GapAwareTrackingToken,org.axonframework.eventhandling.DomainEventMessage,org.axonframework.eventhandling.DomainEventData",""
"axon-configuration-4.8.0","axon-messaging-4.8.0","org.axonframework.config","org.axonframework.messaging.interceptors",1,8,0.125,"org.axonframework.messaging.interceptors.CorrelationDataInterceptor",""
"axon-modelling-4.8.0","axon-messaging-4.8.0","org.axonframework.modelling.command","org.axonframework.messaging.interceptors",1,8,0.125,"org.axonframework.messaging.interceptors.MessageHandlerInterceptor",""
"axon-test-4.8.0","axon-eventsourcing-4.8.0","org.axonframework.test.aggregate","org.axonframework.eventsourcing",5,39,0.1282051282051282,"org.axonframework.eventsourcing.GenericAggregateFactory,org.axonframework.eventsourcing.AggregateFactory,org.axonframework.eventsourcing.EventSourcedAggregate,org.axonframework.eventsourcing.EventSourcingRepository,org.axonframework.eventsourcing.EventSourcingRepository$Builder",""
"axon-configuration-4.8.0","axon-eventsourcing-4.8.0","org.axonframework.config","org.axonframework.eventsourcing.eventstore",4,31,0.12903225806451613,"org.axonframework.eventsourcing.eventstore.EventStorageEngine,org.axonframework.eventsourcing.eventstore.EventStore,org.axonframework.eventsourcing.eventstore.EmbeddedEventStore$Builder,org.axonframework.eventsourcing.eventstore.EmbeddedEventStore",""
"axon-eventsourcing-4.8.0","axon-messaging-4.8.0","org.axonframework.eventsourcing","org.axonframework.eventhandling",12,93,0.12903225806451613,"org.axonframework.eventhandling.TrackedEventMessage,org.axonframework.eventhandling.EventMessage,org.axonframework.eventhandling.GenericDomainEventMessage,org.axonframework.eventhandling.GenericTrackedDomainEventMessage,org.axonframework.eventhandling.MultiStreamableMessageSource$Builder,org.axonframework.eventhandling.EventBus,org.axonframework.eventhandling.MultiStreamableMessageSource,org.axonframework.eventhandling.EventData,org.axonframework.eventhandling.TrackingToken,org.axonframework.eventhandling.DomainEventMessage,org.axonframework.eventhandling.EventHandler,org.axonframework.eventhandling.DomainEventData",""
"axon-modelling-4.8.0","axon-messaging-4.8.0","org.axonframework.modelling.saga","org.axonframework.messaging.annotation",7,54,0.12962962962962962,"org.axonframework.messaging.annotation.MessageHandlingMember,org.axonframework.messaging.annotation.HandlerDefinition,org.axonframework.messaging.annotation.WrappedMessageHandlingMember,org.axonframework.messaging.annotation.MessageHandlerInterceptorMemberChain,org.axonframework.messaging.annotation.ParameterResolverFactory,org.axonframework.messaging.annotation.HandlerEnhancerDefinition,org.axonframework.messaging.annotation.HasHandlerAttributes",""
"axon-configuration-4.8.0","axon-messaging-4.8.0","org.axonframework.config","org.axonframework.common.caching",2,15,0.13333333333333333,"org.axonframework.common.caching.WeakReferenceCache,org.axonframework.common.caching.Cache",""
"axon-disruptor-4.8.0","axon-messaging-4.8.0","org.axonframework.disruptor.commandhandling","org.axonframework.common.caching",2,15,0.13333333333333333,"org.axonframework.common.caching.NoCache,org.axonframework.common.caching.Cache",""
"axon-configuration-4.8.0","axon-messaging-4.8.0","org.axonframework.config","org.axonframework.eventhandling.async",2,15,0.13333333333333333,"org.axonframework.eventhandling.async.SequencingPolicy,org.axonframework.eventhandling.async.SequentialPerAggregatePolicy",""
"axon-test-4.8.0","axon-modelling-4.8.0","org.axonframework.test.saga","org.axonframework.modelling.saga.repository",2,15,0.13333333333333333,"org.axonframework.modelling.saga.repository.AnnotatedSagaRepository,org.axonframework.modelling.saga.repository.AnnotatedSagaRepository$Builder",""
"axon-test-4.8.0","axon-messaging-4.8.0","org.axonframework.test.utils","org.axonframework.commandhandling",4,29,0.13793103448275862,"org.axonframework.commandhandling.CommandMessage,org.axonframework.commandhandling.CommandCallback,org.axonframework.commandhandling.CommandBus,org.axonframework.commandhandling.GenericCommandResultMessage",""
"axon-eventsourcing-4.8.0","axon-messaging-4.8.0","org.axonframework.eventsourcing.eventstore","org.axonframework.eventhandling",13,93,0.13978494623655913,"org.axonframework.eventhandling.TrackedEventMessage,org.axonframework.eventhandling.EventMessage,org.axonframework.eventhandling.DomainEventSequenceAware,org.axonframework.eventhandling.EventBus,org.axonframework.eventhandling.EventUtils,org.axonframework.eventhandling.AbstractEventBus$Builder,org.axonframework.eventhandling.AbstractEventEntry,org.axonframework.eventhandling.TrackingToken,org.axonframework.eventhandling.TrackedEventData,org.axonframework.eventhandling.DomainEventMessage,org.axonframework.eventhandling.TrackingEventStream,org.axonframework.eventhandling.DomainEventData,org.axonframework.eventhandling.AbstractEventBus",""
"axon-eventsourcing-4.8.0","axon-messaging-4.8.0","org.axonframework.eventsourcing.eventstore.legacyjpa","org.axonframework.eventhandling",13,93,0.13978494623655913,"org.axonframework.eventhandling.TrackedEventMessage,org.axonframework.eventhandling.EventMessage,org.axonframework.eventhandling.GenericDomainEventMessage,org.axonframework.eventhandling.GenericEventMessage,org.axonframework.eventhandling.AbstractEventBus$Builder,org.axonframework.eventhandling.TrackedDomainEventData,org.axonframework.eventhandling.GenericDomainEventEntry,org.axonframework.eventhandling.TrackingToken,org.axonframework.eventhandling.TrackedEventData,org.axonframework.eventhandling.GapAwareTrackingToken,org.axonframework.eventhandling.DomainEventMessage,org.axonframework.eventhandling.TrackingEventStream,org.axonframework.eventhandling.DomainEventData",""
"axon-modelling-4.8.0","axon-messaging-4.8.0","org.axonframework.modelling.saga.repository","org.axonframework.common",4,28,0.14285714285714285,"org.axonframework.common.AxonConfigurationException,org.axonframework.common.CollectionUtils,org.axonframework.common.BuilderUtils,org.axonframework.common.AxonNonTransientException",""
"axon-eventsourcing-4.8.0","axon-messaging-4.8.0","org.axonframework.eventsourcing.eventstore.jdbc","org.axonframework.common",4,28,0.14285714285714285,"org.axonframework.common.AxonConfigurationException,org.axonframework.common.Assert,org.axonframework.common.BuilderUtils,org.axonframework.common.DateTimeUtils",""
"axon-test-4.8.0","axon-messaging-4.8.0","org.axonframework.test.aggregate","org.axonframework.common",4,28,0.14285714285714285,"org.axonframework.common.Assert,org.axonframework.common.IdentifierFactory,org.axonframework.common.ReflectionUtils,org.axonframework.common.Registration",""
"axon-configuration-4.8.0","axon-messaging-4.8.0","org.axonframework.config","org.axonframework.eventhandling.tokenstore",1,7,0.14285714285714285,"org.axonframework.eventhandling.tokenstore.TokenStore",""
"axon-modelling-4.8.0","axon-messaging-4.8.0","org.axonframework.modelling.saga","org.axonframework.messaging",5,35,0.14285714285714285,"org.axonframework.messaging.Scope,org.axonframework.messaging.ScopeAware,org.axonframework.messaging.Message,org.axonframework.messaging.MetaData,org.axonframework.messaging.ScopeDescriptor",""
"axon-modelling-4.8.0","axon-messaging-4.8.0","org.axonframework.modelling.command.inspection","org.axonframework.messaging",5,35,0.14285714285714285,"org.axonframework.messaging.DefaultInterceptorChain,org.axonframework.messaging.Message,org.axonframework.messaging.MetaData,org.axonframework.messaging.InterceptorChain,org.axonframework.messaging.MessageHandlerInterceptor",""
"axon-modelling-4.8.0","axon-messaging-4.8.0","org.axonframework.modelling.saga.repository","org.axonframework.messaging.unitofwork",2,14,0.14285714285714285,"org.axonframework.messaging.unitofwork.UnitOfWork,org.axonframework.messaging.unitofwork.CurrentUnitOfWork",""
"axon-modelling-4.8.0","axon-messaging-4.8.0","org.axonframework.modelling.command.inspection","org.axonframework.messaging.unitofwork",2,14,0.14285714285714285,"org.axonframework.messaging.unitofwork.UnitOfWork,org.axonframework.messaging.unitofwork.CurrentUnitOfWork",""
"axon-eventsourcing-4.8.0","axon-messaging-4.8.0","org.axonframework.eventsourcing.eventstore.inmemory","org.axonframework.messaging.unitofwork",2,14,0.14285714285714285,"org.axonframework.messaging.unitofwork.UnitOfWork,org.axonframework.messaging.unitofwork.CurrentUnitOfWork",""
"axon-eventsourcing-4.8.0","axon-messaging-4.8.0","org.axonframework.eventsourcing.conflictresolution","org.axonframework.messaging.unitofwork",2,14,0.14285714285714285,"org.axonframework.messaging.unitofwork.UnitOfWork,org.axonframework.messaging.unitofwork.CurrentUnitOfWork",""
"axon-configuration-4.8.0","axon-messaging-4.8.0","org.axonframework.config","org.axonframework.messaging.unitofwork",2,14,0.14285714285714285,"org.axonframework.messaging.unitofwork.RollbackConfiguration,org.axonframework.messaging.unitofwork.RollbackConfigurationType",""
"axon-modelling-4.8.0","axon-messaging-4.8.0","org.axonframework.modelling.saga.repository.jdbc","org.axonframework.serialization.xml",1,7,0.14285714285714285,"org.axonframework.serialization.xml.XStreamSerializer",""
"axon-modelling-4.8.0","axon-messaging-4.8.0","org.axonframework.modelling.saga.repository.jpa","org.axonframework.serialization.xml",1,7,0.14285714285714285,"org.axonframework.serialization.xml.XStreamSerializer",""
"axon-modelling-4.8.0","axon-messaging-4.8.0","org.axonframework.modelling.saga.repository.legacyjpa","org.axonframework.serialization.xml",1,7,0.14285714285714285,"org.axonframework.serialization.xml.XStreamSerializer",""
"axon-eventsourcing-4.8.0","axon-messaging-4.8.0","org.axonframework.eventsourcing.eventstore","org.axonframework.serialization.xml",1,7,0.14285714285714285,"org.axonframework.serialization.xml.XStreamSerializer",""
"axon-test-4.8.0","axon-messaging-4.8.0","org.axonframework.test.saga","org.axonframework.commandhandling.gateway",5,34,0.14705882352941177,"org.axonframework.commandhandling.gateway.DefaultCommandGateway,org.axonframework.commandhandling.gateway.DefaultCommandGateway$Builder,org.axonframework.commandhandling.gateway.CommandGatewayFactory,org.axonframework.commandhandling.gateway.CommandGatewayFactory$InvocationHandler,org.axonframework.commandhandling.gateway.CommandGatewayFactory$Builder",""
"axon-modelling-4.8.0","axon-messaging-4.8.0","org.axonframework.modelling.saga.metamodel","org.axonframework.messaging.annotation",8,54,0.14814814814814814,"org.axonframework.messaging.annotation.NoMoreInterceptors,org.axonframework.messaging.annotation.AnnotatedHandlerInspector,org.axonframework.messaging.annotation.MessageHandlingMember,org.axonframework.messaging.annotation.HandlerDefinition,org.axonframework.messaging.annotation.MessageHandlerInterceptorMemberChain,org.axonframework.messaging.annotation.ParameterResolverFactory,org.axonframework.messaging.annotation.ClasspathParameterResolverFactory,org.axonframework.messaging.annotation.ClasspathHandlerDefinition",""
"axon-disruptor-4.8.0","axon-eventsourcing-4.8.0","org.axonframework.disruptor.commandhandling","org.axonframework.eventsourcing",6,39,0.15384615384615385,"org.axonframework.eventsourcing.AggregateFactory,org.axonframework.eventsourcing.AggregateCacheEntry,org.axonframework.eventsourcing.EventSourcedAggregate,org.axonframework.eventsourcing.SnapshotTrigger,org.axonframework.eventsourcing.NoSnapshotTriggerDefinition,org.axonframework.eventsourcing.SnapshotTriggerDefinition",""
"axon-eventsourcing-4.8.0","axon-messaging-4.8.0","org.axonframework.eventsourcing.eventstore","org.axonframework.monitoring",1,6,0.16666666666666666,"org.axonframework.monitoring.MessageMonitor",""
"axon-eventsourcing-4.8.0","axon-messaging-4.8.0","org.axonframework.eventsourcing.eventstore.legacyjpa","org.axonframework.monitoring",1,6,0.16666666666666666,"org.axonframework.monitoring.MessageMonitor",""
"axon-configuration-4.8.0","axon-messaging-4.8.0","org.axonframework.config","org.axonframework.serialization.upcasting.event",2,12,0.16666666666666666,"org.axonframework.serialization.upcasting.event.EventUpcasterChain,org.axonframework.serialization.upcasting.event.EventUpcaster",""
"axon-eventsourcing-4.8.0","axon-messaging-4.8.0","org.axonframework.eventsourcing.eventstore","org.axonframework.serialization.upcasting.event",2,12,0.16666666666666666,"org.axonframework.serialization.upcasting.event.NoOpEventUpcaster,org.axonframework.serialization.upcasting.event.EventUpcaster",""
"axon-modelling-4.8.0","axon-messaging-4.8.0","org.axonframework.modelling.command","org.axonframework.tracing",3,18,0.16666666666666666,"org.axonframework.tracing.SpanFactory,org.axonframework.tracing.NoOpSpanFactory,org.axonframework.tracing.Span",""
"axon-modelling-4.8.0","axon-messaging-4.8.0","org.axonframework.modelling.command","org.axonframework.messaging",6,35,0.17142857142857143,"org.axonframework.messaging.Scope,org.axonframework.messaging.MessageHandler,org.axonframework.messaging.ScopeAware,org.axonframework.messaging.Message,org.axonframework.messaging.MetaData,org.axonframework.messaging.ScopeDescriptor",""
"axon-eventsourcing-4.8.0","axon-modelling-4.8.0","org.axonframework.eventsourcing","org.axonframework.modelling.command",9,51,0.17647058823529413,"org.axonframework.modelling.command.RepositoryProvider,org.axonframework.modelling.command.ConcurrencyException,org.axonframework.modelling.command.Aggregate,org.axonframework.modelling.command.LockAwareAggregate,org.axonframework.modelling.command.AggregateNotFoundException,org.axonframework.modelling.command.LockingRepository$Builder,org.axonframework.modelling.command.ApplyMore,org.axonframework.modelling.command.LockingRepository,org.axonframework.modelling.command.AbstractRepository$Builder",""
"axon-eventsourcing-4.8.0","axon-messaging-4.8.0","org.axonframework.eventsourcing.eventstore","org.axonframework.common",5,28,0.17857142857142858,"org.axonframework.common.ObjectUtils,org.axonframework.common.AxonConfigurationException,org.axonframework.common.BuilderUtils,org.axonframework.common.AxonThreadFactory,org.axonframework.common.AxonNonTransientException",""
"axon-eventsourcing-4.8.0","axon-messaging-4.8.0","org.axonframework.eventsourcing.eventstore.jpa","org.axonframework.common",5,28,0.17857142857142858,"org.axonframework.common.ExceptionUtils,org.axonframework.common.AxonConfigurationException,org.axonframework.common.Assert,org.axonframework.common.BuilderUtils,org.axonframework.common.DateTimeUtils",""
"axon-modelling-4.8.0","axon-messaging-4.8.0","org.axonframework.modelling.command.legacyjpa","org.axonframework.common.lock",2,11,0.18181818181818182,"org.axonframework.common.lock.LockFactory,org.axonframework.common.lock.NullLockFactory",""
"axon-test-4.8.0","axon-messaging-4.8.0","org.axonframework.test.saga","org.axonframework.messaging.annotation",10,54,0.18518518518518517,"org.axonframework.messaging.annotation.MultiHandlerDefinition,org.axonframework.messaging.annotation.SimpleResourceParameterResolverFactory,org.axonframework.messaging.annotation.MultiParameterResolverFactory,org.axonframework.messaging.annotation.MultiHandlerEnhancerDefinition,org.axonframework.messaging.annotation.HandlerDefinition,org.axonframework.messaging.annotation.ClasspathHandlerEnhancerDefinition,org.axonframework.messaging.annotation.ParameterResolverFactory,org.axonframework.messaging.annotation.HandlerEnhancerDefinition,org.axonframework.messaging.annotation.ClasspathParameterResolverFactory,org.axonframework.messaging.annotation.ClasspathHandlerDefinition",""
"axon-test-4.8.0","axon-messaging-4.8.0","org.axonframework.test.aggregate","org.axonframework.messaging.annotation",10,54,0.18518518518518517,"org.axonframework.messaging.annotation.MultiHandlerDefinition,org.axonframework.messaging.annotation.SimpleResourceParameterResolverFactory,org.axonframework.messaging.annotation.MultiParameterResolverFactory,org.axonframework.messaging.annotation.MultiHandlerEnhancerDefinition,org.axonframework.messaging.annotation.HandlerDefinition,org.axonframework.messaging.annotation.ClasspathHandlerEnhancerDefinition,org.axonframework.messaging.annotation.ParameterResolverFactory,org.axonframework.messaging.annotation.HandlerEnhancerDefinition,org.axonframework.messaging.annotation.ClasspathParameterResolverFactory,org.axonframework.messaging.annotation.ClasspathHandlerDefinition",""
"axon-configuration-4.8.0","axon-messaging-4.8.0","org.axonframework.config","org.axonframework.messaging.annotation",10,54,0.18518518518518517,"org.axonframework.messaging.annotation.MultiHandlerDefinition,org.axonframework.messaging.annotation.MultiParameterResolverFactory,org.axonframework.messaging.annotation.FixedValueParameterResolver,org.axonframework.messaging.annotation.MultiHandlerEnhancerDefinition,org.axonframework.messaging.annotation.HandlerDefinition,org.axonframework.messaging.annotation.ParameterResolver,org.axonframework.messaging.annotation.ParameterResolverFactory,org.axonframework.messaging.annotation.HandlerEnhancerDefinition,org.axonframework.messaging.annotation.ClasspathParameterResolverFactory,org.axonframework.messaging.annotation.ClasspathHandlerDefinition",""
"axon-configuration-4.8.0","axon-modelling-4.8.0","org.axonframework.config","org.axonframework.modelling.command",10,51,0.19607843137254902,"org.axonframework.modelling.command.GenericJpaRepository,org.axonframework.modelling.command.NoArgumentConstructorCreationPolicyAggregateFactory,org.axonframework.modelling.command.CommandTargetResolver,org.axonframework.modelling.command.AnnotationCommandTargetResolver$Builder,org.axonframework.modelling.command.AggregateAnnotationCommandHandler$Builder,org.axonframework.modelling.command.Repository,org.axonframework.modelling.command.AggregateAnnotationCommandHandler,org.axonframework.modelling.command.CreationPolicyAggregateFactory,org.axonframework.modelling.command.GenericJpaRepository$Builder,org.axonframework.modelling.command.AnnotationCommandTargetResolver",""
"axon-disruptor-4.8.0","axon-modelling-4.8.0","org.axonframework.disruptor.commandhandling","org.axonframework.modelling.command",10,51,0.19607843137254902,"org.axonframework.modelling.command.RepositoryProvider,org.axonframework.modelling.command.CommandTargetResolver,org.axonframework.modelling.command.AnnotationCommandTargetResolver$Builder,org.axonframework.modelling.command.Repository,org.axonframework.modelling.command.Aggregate,org.axonframework.modelling.command.AggregateScopeDescriptor,org.axonframework.modelling.command.ConflictingAggregateVersionException,org.axonframework.modelling.command.AggregateNotFoundException,org.axonframework.modelling.command.VersionedAggregateIdentifier,org.axonframework.modelling.command.AnnotationCommandTargetResolver",""
"axon-eventsourcing-4.8.0","axon-messaging-4.8.0","org.axonframework.eventsourcing.eventstore","org.axonframework.lifecycle",2,10,0.2,"org.axonframework.lifecycle.Lifecycle,org.axonframework.lifecycle.Lifecycle$LifecycleRegistry",""
"axon-test-4.8.0","axon-messaging-4.8.0","org.axonframework.test.saga","org.axonframework.messaging",7,35,0.2,"org.axonframework.messaging.DefaultInterceptorChain,org.axonframework.messaging.Message,org.axonframework.messaging.ResultMessage,org.axonframework.messaging.MetaData,org.axonframework.messaging.ScopeDescriptor,org.axonframework.messaging.MessageHandlerInterceptor,org.axonframework.messaging.MessageDispatchInterceptor",""
"axon-test-4.8.0","axon-messaging-4.8.0","org.axonframework.test.deadline","org.axonframework.messaging",7,35,0.2,"org.axonframework.messaging.DefaultInterceptorChain,org.axonframework.messaging.Message,org.axonframework.messaging.ResultMessage,org.axonframework.messaging.InterceptorChain,org.axonframework.messaging.ScopeDescriptor,org.axonframework.messaging.MessageHandlerInterceptor,org.axonframework.messaging.MessageDispatchInterceptor",""
"axon-test-4.8.0","axon-modelling-4.8.0","org.axonframework.test.saga","org.axonframework.modelling.saga",6,30,0.2,"org.axonframework.modelling.saga.AssociationValue,org.axonframework.modelling.saga.AnnotatedSagaManager$Builder,org.axonframework.modelling.saga.SimpleResourceInjector,org.axonframework.modelling.saga.SagaRepository,org.axonframework.modelling.saga.AnnotatedSagaManager,org.axonframework.modelling.saga.ResourceInjector",""
"axon-configuration-4.8.0","axon-modelling-4.8.0","org.axonframework.config","org.axonframework.modelling.saga",6,30,0.2,"org.axonframework.modelling.saga.AnnotatedSagaManager$Builder,org.axonframework.modelling.saga.AbstractSagaManager,org.axonframework.modelling.saga.SagaRepository,org.axonframework.modelling.saga.AnnotatedSagaManager,org.axonframework.modelling.saga.AbstractResourceInjector,org.axonframework.modelling.saga.ResourceInjector",""
"axon-configuration-4.8.0","axon-messaging-4.8.0","org.axonframework.config","org.axonframework.commandhandling",6,29,0.20689655172413793,"org.axonframework.commandhandling.LoggingDuplicateCommandHandlerResolver,org.axonframework.commandhandling.DuplicateCommandHandlerResolver,org.axonframework.commandhandling.SimpleCommandBus,org.axonframework.commandhandling.SimpleCommandBus$Builder,org.axonframework.commandhandling.CommandBus,org.axonframework.commandhandling.AnnotationCommandHandlerAdapter",""
"axon-modelling-4.8.0","axon-messaging-4.8.0","org.axonframework.modelling.command","org.axonframework.commandhandling",6,29,0.20689655172413793,"org.axonframework.commandhandling.CommandMessageHandler,org.axonframework.commandhandling.CommandMessage,org.axonframework.commandhandling.CommandBus,org.axonframework.commandhandling.RoutingKey,org.axonframework.commandhandling.CommandMessageHandlingMember,org.axonframework.commandhandling.NoHandlerForCommandException",""
"axon-modelling-4.8.0","axon-messaging-4.8.0","org.axonframework.modelling.command.inspection","org.axonframework.common",6,28,0.21428571428571427,"org.axonframework.common.ObjectUtils,org.axonframework.common.AxonConfigurationException,org.axonframework.common.Assert,org.axonframework.common.ReflectionUtils,org.axonframework.common.IdentifierValidator,org.axonframework.common.ListUtils",""
"axon-disruptor-4.8.0","axon-messaging-4.8.0","org.axonframework.disruptor.commandhandling","org.axonframework.common",6,28,0.21428571428571427,"org.axonframework.common.ObjectUtils,org.axonframework.common.Assert,org.axonframework.common.AxonTransientException,org.axonframework.common.BuilderUtils,org.axonframework.common.AxonThreadFactory,org.axonframework.common.Registration",""
"axon-eventsourcing-4.8.0","axon-messaging-4.8.0","org.axonframework.eventsourcing.eventstore.legacyjpa","org.axonframework.common",6,28,0.21428571428571427,"org.axonframework.common.ExceptionUtils,org.axonframework.common.AxonConfigurationException,org.axonframework.common.Assert,org.axonframework.common.BuilderUtils,org.axonframework.common.AxonThreadFactory,org.axonframework.common.DateTimeUtils",""
"axon-eventsourcing-4.8.0","axon-messaging-4.8.0","org.axonframework.eventsourcing","org.axonframework.common",6,28,0.21428571428571427,"org.axonframework.common.AxonConfigurationException,org.axonframework.common.Assert,org.axonframework.common.ReflectionUtils,org.axonframework.common.BuilderUtils,org.axonframework.common.AxonNonTransientException,org.axonframework.common.DirectExecutor",""
"axon-modelling-4.8.0","axon-messaging-4.8.0","org.axonframework.modelling.command","org.axonframework.messaging.unitofwork",3,14,0.21428571428571427,"org.axonframework.messaging.unitofwork.UnitOfWork$Phase,org.axonframework.messaging.unitofwork.UnitOfWork,org.axonframework.messaging.unitofwork.CurrentUnitOfWork",""
"axon-eventsourcing-4.8.0","axon-messaging-4.8.0","org.axonframework.eventsourcing","org.axonframework.messaging.unitofwork",3,14,0.21428571428571427,"org.axonframework.messaging.unitofwork.UnitOfWork$Phase,org.axonframework.messaging.unitofwork.UnitOfWork,org.axonframework.messaging.unitofwork.CurrentUnitOfWork",""
"axon-test-4.8.0","axon-messaging-4.8.0","org.axonframework.test.aggregate","org.axonframework.messaging.unitofwork",3,14,0.21428571428571427,"org.axonframework.messaging.unitofwork.UnitOfWork,org.axonframework.messaging.unitofwork.DefaultUnitOfWork,org.axonframework.messaging.unitofwork.CurrentUnitOfWork",""
"axon-test-4.8.0","axon-modelling-4.8.0","org.axonframework.test.aggregate","org.axonframework.modelling.command",11,51,0.21568627450980393,"org.axonframework.modelling.command.RepositoryProvider,org.axonframework.modelling.command.CommandTargetResolver,org.axonframework.modelling.command.AggregateAnnotationCommandHandler$Builder,org.axonframework.modelling.command.Repository,org.axonframework.modelling.command.Aggregate,org.axonframework.modelling.command.AggregateAnnotationCommandHandler,org.axonframework.modelling.command.AggregateLifecycle,org.axonframework.modelling.command.AggregateScopeDescriptor,org.axonframework.modelling.command.ConflictingAggregateVersionException,org.axonframework.modelling.command.AggregateNotFoundException,org.axonframework.modelling.command.ApplyMore",""
"axon-modelling-4.8.0","axon-messaging-4.8.0","org.axonframework.modelling.saga","org.axonframework.common.property",2,9,0.2222222222222222,"org.axonframework.common.property.PropertyAccessStrategy,org.axonframework.common.property.Property",""
"axon-modelling-4.8.0","axon-messaging-4.8.0","org.axonframework.modelling.command.inspection","org.axonframework.common.property",2,9,0.2222222222222222,"org.axonframework.common.property.PropertyAccessStrategy,org.axonframework.common.property.Property",""
"axon-modelling-4.8.0","axon-messaging-4.8.0","org.axonframework.modelling.command","org.axonframework.common.property",2,9,0.2222222222222222,"org.axonframework.common.property.PropertyAccessStrategy,org.axonframework.common.property.Property",""
"axon-modelling-4.8.0","axon-messaging-4.8.0","org.axonframework.modelling.command.inspection","org.axonframework.messaging.annotation",12,54,0.2222222222222222,"org.axonframework.messaging.annotation.AnnotatedHandlerInspector,org.axonframework.messaging.annotation.MessageHandlingMember,org.axonframework.messaging.annotation.HandlerDefinition,org.axonframework.messaging.annotation.WrappedMessageHandlingMember,org.axonframework.messaging.annotation.InterceptorChainParameterResolverFactory,org.axonframework.messaging.annotation.MessageHandlerInterceptorMemberChain,org.axonframework.messaging.annotation.MessageInterceptingMember,org.axonframework.messaging.annotation.ParameterResolverFactory,org.axonframework.messaging.annotation.HandlerEnhancerDefinition,org.axonframework.messaging.annotation.MessageHandlerInvocationException,org.axonframework.messaging.annotation.ClasspathParameterResolverFactory,org.axonframework.messaging.annotation.ClasspathHandlerDefinition",""
"axon-modelling-4.8.0","axon-messaging-4.8.0","org.axonframework.modelling.saga","org.axonframework.tracing",4,18,0.2222222222222222,"org.axonframework.tracing.SpanFactory,org.axonframework.tracing.NoOpSpanFactory,org.axonframework.tracing.SpanScope,org.axonframework.tracing.Span",""
"axon-eventsourcing-4.8.0","axon-messaging-4.8.0","org.axonframework.eventsourcing","org.axonframework.tracing",4,18,0.2222222222222222,"org.axonframework.tracing.SpanFactory,org.axonframework.tracing.NoOpSpanFactory,org.axonframework.tracing.SpanScope,org.axonframework.tracing.Span",""
"axon-configuration-4.8.0","axon-messaging-4.8.0","org.axonframework.config","org.axonframework.eventhandling",21,93,0.22580645161290322,"org.axonframework.eventhandling.TrackedEventMessage,org.axonframework.eventhandling.SimpleEventBus$Builder,org.axonframework.eventhandling.EventProcessor,org.axonframework.eventhandling.EventMessage,org.axonframework.eventhandling.TrackingEventProcessor,org.axonframework.eventhandling.EventBus,org.axonframework.eventhandling.TrackingEventProcessor$Builder,org.axonframework.eventhandling.SimpleEventHandlerInvoker,org.axonframework.eventhandling.SimpleEventBus,org.axonframework.eventhandling.SubscribingEventProcessor$Builder,org.axonframework.eventhandling.LoggingErrorHandler,org.axonframework.eventhandling.SimpleEventHandlerInvoker$Builder,org.axonframework.eventhandling.ListenerInvocationErrorHandler,org.axonframework.eventhandling.MultiEventHandlerInvoker,org.axonframework.eventhandling.TrackingEventProcessorConfiguration,org.axonframework.eventhandling.DomainEventMessage,org.axonframework.eventhandling.EventHandlerInvoker,org.axonframework.eventhandling.ErrorHandler,org.axonframework.eventhandling.SubscribingEventProcessor,org.axonframework.eventhandling.DirectEventProcessingStrategy,org.axonframework.eventhandling.PropagatingErrorHandler",""
"axon-test-4.8.0","axon-messaging-4.8.0","org.axonframework.test.aggregate","org.axonframework.messaging",8,35,0.22857142857142856,"org.axonframework.messaging.HandlerExecutionException,org.axonframework.messaging.MessageHandler,org.axonframework.messaging.Message,org.axonframework.messaging.MetaData,org.axonframework.messaging.GenericMessage,org.axonframework.messaging.ScopeDescriptor,org.axonframework.messaging.MessageHandlerInterceptor,org.axonframework.messaging.MessageDispatchInterceptor",""
"axon-configuration-4.8.0","axon-eventsourcing-4.8.0","org.axonframework.config","org.axonframework.eventsourcing",9,39,0.23076923076923078,"org.axonframework.eventsourcing.GenericAggregateFactory,org.axonframework.eventsourcing.AggregateFactory,org.axonframework.eventsourcing.EventSourcingRepository,org.axonframework.eventsourcing.NoSnapshotTriggerDefinition,org.axonframework.eventsourcing.Snapshotter,org.axonframework.eventsourcing.EventSourcingRepository$Builder,org.axonframework.eventsourcing.AggregateSnapshotter,org.axonframework.eventsourcing.AggregateSnapshotter$Builder,org.axonframework.eventsourcing.SnapshotTriggerDefinition",""
"axon-disruptor-4.8.0","axon-messaging-4.8.0","org.axonframework.disruptor.commandhandling","org.axonframework.commandhandling.callbacks",1,4,0.25,"org.axonframework.commandhandling.callbacks.NoOpCallback",""
"axon-eventsourcing-4.8.0","axon-messaging-4.8.0","org.axonframework.eventsourcing.eventstore.jpa","org.axonframework.common.jpa",1,4,0.25,"org.axonframework.common.jpa.EntityManagerProvider",""
"axon-configuration-4.8.0","axon-messaging-4.8.0","org.axonframework.config","org.axonframework.common.jpa",1,4,0.25,"org.axonframework.common.jpa.EntityManagerProvider",""
"axon-modelling-4.8.0","axon-messaging-4.8.0","org.axonframework.modelling.saga.repository.jpa","org.axonframework.common.jpa",1,4,0.25,"org.axonframework.common.jpa.EntityManagerProvider",""
"axon-modelling-4.8.0","axon-messaging-4.8.0","org.axonframework.modelling.command","org.axonframework.common.jpa",1,4,0.25,"org.axonframework.common.jpa.EntityManagerProvider",""
"axon-modelling-4.8.0","axon-messaging-4.8.0","org.axonframework.modelling.saga.repository.legacyjpa","org.axonframework.common.legacyjpa",1,4,0.25,"org.axonframework.common.legacyjpa.EntityManagerProvider",""
"axon-modelling-4.8.0","axon-messaging-4.8.0","org.axonframework.modelling.command.legacyjpa","org.axonframework.common.legacyjpa",1,4,0.25,"org.axonframework.common.legacyjpa.EntityManagerProvider",""
"axon-eventsourcing-4.8.0","axon-messaging-4.8.0","org.axonframework.eventsourcing.eventstore.legacyjpa","org.axonframework.common.legacyjpa",1,4,0.25,"org.axonframework.common.legacyjpa.EntityManagerProvider",""
"axon-eventsourcing-4.8.0","axon-messaging-4.8.0","org.axonframework.eventsourcing.eventstore.legacyjpa","org.axonframework.common.transaction",1,4,0.25,"org.axonframework.common.transaction.TransactionManager",""
"axon-disruptor-4.8.0","axon-messaging-4.8.0","org.axonframework.disruptor.commandhandling","org.axonframework.common.transaction",1,4,0.25,"org.axonframework.common.transaction.TransactionManager",""
"axon-eventsourcing-4.8.0","axon-messaging-4.8.0","org.axonframework.eventsourcing.eventstore.jdbc","org.axonframework.common.transaction",1,4,0.25,"org.axonframework.common.transaction.TransactionManager",""
"axon-eventsourcing-4.8.0","axon-messaging-4.8.0","org.axonframework.eventsourcing.eventstore.jpa","org.axonframework.common.transaction",1,4,0.25,"org.axonframework.common.transaction.TransactionManager",""
"axon-configuration-4.8.0","axon-messaging-4.8.0","org.axonframework.config","org.axonframework.queryhandling.annotation",1,4,0.25,"org.axonframework.queryhandling.annotation.AnnotationQueryHandlerAdapter",""
"axon-eventsourcing-4.8.0","axon-messaging-4.8.0","org.axonframework.eventsourcing","org.axonframework.serialization.upcasting.event",3,12,0.25,"org.axonframework.serialization.upcasting.event.IntermediateEventRepresentation,org.axonframework.serialization.upcasting.event.EventUpcaster,org.axonframework.serialization.upcasting.event.InitialEventRepresentation",""
"axon-configuration-4.8.0","axon-messaging-4.8.0","org.axonframework.config","org.axonframework.messaging",9,35,0.2571428571428571,"org.axonframework.messaging.SubscribableMessageSource,org.axonframework.messaging.ScopeAwareProvider,org.axonframework.messaging.ScopeAware,org.axonframework.messaging.Message,org.axonframework.messaging.Distributed,org.axonframework.messaging.ScopeDescriptor,org.axonframework.messaging.MessageHandlerInterceptorSupport,org.axonframework.messaging.MessageHandlerInterceptor,org.axonframework.messaging.StreamableMessageSource",""
"axon-disruptor-4.8.0","axon-messaging-4.8.0","org.axonframework.disruptor.commandhandling","org.axonframework.messaging",9,35,0.2571428571428571,"org.axonframework.messaging.DefaultInterceptorChain,org.axonframework.messaging.MessageHandler,org.axonframework.messaging.Message,org.axonframework.messaging.ResultMessage,org.axonframework.messaging.InterceptorChain,org.axonframework.messaging.GenericResultMessage,org.axonframework.messaging.ScopeDescriptor,org.axonframework.messaging.MessageHandlerInterceptor,org.axonframework.messaging.MessageDispatchInterceptor",""
"axon-configuration-4.8.0","axon-modelling-4.8.0","org.axonframework.config","org.axonframework.modelling.saga.repository",4,15,0.26666666666666666,"org.axonframework.modelling.saga.repository.NoResourceInjector,org.axonframework.modelling.saga.repository.SagaStore,org.axonframework.modelling.saga.repository.AnnotatedSagaRepository,org.axonframework.modelling.saga.repository.AnnotatedSagaRepository$Builder",""
"axon-configuration-4.8.0","axon-messaging-4.8.0","org.axonframework.config","org.axonframework.common.lock",3,11,0.2727272727272727,"org.axonframework.common.lock.LockFactory,org.axonframework.common.lock.PessimisticLockFactory,org.axonframework.common.lock.NullLockFactory",""
"axon-modelling-4.8.0","axon-messaging-4.8.0","org.axonframework.modelling.saga.repository","org.axonframework.common.lock",3,11,0.2727272727272727,"org.axonframework.common.lock.LockFactory,org.axonframework.common.lock.Lock,org.axonframework.common.lock.PessimisticLockFactory",""
"axon-test-4.8.0","axon-messaging-4.8.0","org.axonframework.test.aggregate","org.axonframework.commandhandling",8,29,0.27586206896551724,"org.axonframework.commandhandling.CommandMessage,org.axonframework.commandhandling.SimpleCommandBus,org.axonframework.commandhandling.SimpleCommandBus$Builder,org.axonframework.commandhandling.CommandCallback,org.axonframework.commandhandling.CommandBus,org.axonframework.commandhandling.AnnotationCommandHandlerAdapter,org.axonframework.commandhandling.CommandResultMessage,org.axonframework.commandhandling.GenericCommandMessage",""
"axon-modelling-4.8.0","axon-messaging-4.8.0","org.axonframework.modelling.saga.repository.jdbc","org.axonframework.common.jdbc",5,18,0.2777777777777778,"org.axonframework.common.jdbc.UnitOfWorkAwareConnectionProviderWrapper,org.axonframework.common.jdbc.JdbcUtils,org.axonframework.common.jdbc.DataSourceConnectionProvider,org.axonframework.common.jdbc.Oracle11Utils,org.axonframework.common.jdbc.ConnectionProvider",""
"axon-configuration-4.8.0","axon-eventsourcing-4.8.0","org.axonframework.config","org.axonframework.eventsourcing.eventstore.jpa",2,7,0.2857142857142857,"org.axonframework.eventsourcing.eventstore.jpa.JpaEventStorageEngine$Builder,org.axonframework.eventsourcing.eventstore.jpa.JpaEventStorageEngine",""
"axon-modelling-4.8.0","axon-messaging-4.8.0","org.axonframework.modelling.saga","org.axonframework.common",8,28,0.2857142857142857,"org.axonframework.common.AxonConfigurationException,org.axonframework.common.Assert,org.axonframework.common.AxonTransientException,org.axonframework.common.IdentifierFactory,org.axonframework.common.ReflectionUtils,org.axonframework.common.AxonException,org.axonframework.common.BuilderUtils,org.axonframework.common.AxonNonTransientException",""
"axon-configuration-4.8.0","axon-messaging-4.8.0","org.axonframework.config","org.axonframework.common",8,28,0.2857142857142857,"org.axonframework.common.AxonConfigurationException,org.axonframework.common.Assert,org.axonframework.common.IdentifierFactory,org.axonframework.common.ReflectionUtils,org.axonframework.common.BuilderUtils,org.axonframework.common.AxonThreadFactory,org.axonframework.common.Priority,org.axonframework.common.Registration",""
"axon-configuration-4.8.0","axon-messaging-4.8.0","org.axonframework.config","org.axonframework.serialization.xml",2,7,0.2857142857142857,"org.axonframework.serialization.xml.XStreamSerializer$Builder,org.axonframework.serialization.xml.XStreamSerializer",""
"axon-configuration-4.8.0","axon-modelling-4.8.0","org.axonframework.config","org.axonframework.modelling.saga.repository.jpa",2,7,0.2857142857142857,"org.axonframework.modelling.saga.repository.jpa.JpaSagaStore,org.axonframework.modelling.saga.repository.jpa.JpaSagaStore$Builder",""
"axon-configuration-4.8.0","axon-messaging-4.8.0","org.axonframework.config","org.axonframework.deadline",3,10,0.3,"org.axonframework.deadline.SimpleDeadlineManager,org.axonframework.deadline.DeadlineManager,org.axonframework.deadline.SimpleDeadlineManager$Builder",""
"axon-test-4.8.0","axon-messaging-4.8.0","org.axonframework.test.deadline","org.axonframework.deadline",3,10,0.3,"org.axonframework.deadline.DeadlineMessage,org.axonframework.deadline.DeadlineManager,org.axonframework.deadline.GenericDeadlineMessage",""
"axon-configuration-4.8.0","axon-messaging-4.8.0","org.axonframework.config","org.axonframework.queryhandling",13,42,0.30952380952380953,"org.axonframework.queryhandling.DefaultQueryGateway$Builder,org.axonframework.queryhandling.LoggingQueryInvocationErrorHandler,org.axonframework.queryhandling.DefaultQueryGateway,org.axonframework.queryhandling.SubscriptionQueryUpdateMessage,org.axonframework.queryhandling.LoggingQueryInvocationErrorHandler$Builder,org.axonframework.queryhandling.QueryInvocationErrorHandler,org.axonframework.queryhandling.SimpleQueryBus,org.axonframework.queryhandling.SimpleQueryUpdateEmitter$Builder,org.axonframework.queryhandling.SimpleQueryBus$Builder,org.axonframework.queryhandling.QueryBus,org.axonframework.queryhandling.QueryGateway,org.axonframework.queryhandling.QueryUpdateEmitter,org.axonframework.queryhandling.SimpleQueryUpdateEmitter",""
"axon-disruptor-4.8.0","axon-messaging-4.8.0","org.axonframework.disruptor.commandhandling","org.axonframework.commandhandling",9,29,0.3103448275862069,"org.axonframework.commandhandling.DuplicateCommandHandlerResolver,org.axonframework.commandhandling.CommandMessage,org.axonframework.commandhandling.CommandCallback,org.axonframework.commandhandling.MonitorAwareCallback,org.axonframework.commandhandling.CommandBus,org.axonframework.commandhandling.GenericCommandResultMessage,org.axonframework.commandhandling.CommandResultMessage,org.axonframework.commandhandling.DuplicateCommandHandlerResolution,org.axonframework.commandhandling.NoHandlerForCommandException",""
"axon-modelling-4.8.0","axon-messaging-4.8.0","org.axonframework.modelling.command","org.axonframework.common",9,28,0.32142857142857145,"org.axonframework.common.ObjectUtils,org.axonframework.common.AxonConfigurationException,org.axonframework.common.Assert,org.axonframework.common.AxonTransientException,org.axonframework.common.ReflectionUtils,org.axonframework.common.AxonException,org.axonframework.common.BuilderUtils,org.axonframework.common.AxonNonTransientException,org.axonframework.common.Registration",""
"axon-modelling-4.8.0","axon-messaging-4.8.0","org.axonframework.modelling.saga","org.axonframework.common.annotation",1,3,0.3333333333333333,"org.axonframework.common.annotation.AnnotationUtils",""
"axon-modelling-4.8.0","axon-messaging-4.8.0","org.axonframework.modelling.command.inspection","org.axonframework.common.annotation",1,3,0.3333333333333333,"org.axonframework.common.annotation.AnnotationUtils",""
"axon-modelling-4.8.0","axon-messaging-4.8.0","org.axonframework.modelling.command","org.axonframework.common.annotation",1,3,0.3333333333333333,"org.axonframework.common.annotation.AnnotationUtils",""
"axon-configuration-4.8.0","axon-messaging-4.8.0","org.axonframework.config","org.axonframework.common.annotation",1,3,0.3333333333333333,"org.axonframework.common.annotation.AnnotationUtils",""
"axon-eventsourcing-4.8.0","axon-messaging-4.8.0","org.axonframework.eventsourcing.eventstore.jdbc","org.axonframework.common.jdbc",6,18,0.3333333333333333,"org.axonframework.common.jdbc.JdbcUtils,org.axonframework.common.jdbc.JdbcUtils$SqlResultConverter,org.axonframework.common.jdbc.PersistenceExceptionResolver,org.axonframework.common.jdbc.Oracle11Utils,org.axonframework.common.jdbc.JdbcUtils$SqlFunction,org.axonframework.common.jdbc.ConnectionProvider",""
"axon-eventsourcing-4.8.0","axon-messaging-4.8.0","org.axonframework.eventsourcing.eventstore","org.axonframework.common.stream",1,3,0.3333333333333333,"org.axonframework.common.stream.BlockingStream",""
"axon-eventsourcing-4.8.0","axon-messaging-4.8.0","org.axonframework.eventsourcing.eventstore.legacyjpa","org.axonframework.common.stream",1,3,0.3333333333333333,"org.axonframework.common.stream.BlockingStream",""
"axon-test-4.8.0","axon-messaging-4.8.0","org.axonframework.test.aggregate","org.axonframework.common.stream",1,3,0.3333333333333333,"org.axonframework.common.stream.BlockingStream",""
"axon-configuration-4.8.0","axon-messaging-4.8.0","org.axonframework.config","org.axonframework.eventhandling.scheduling",1,3,0.3333333333333333,"org.axonframework.eventhandling.scheduling.EventScheduler",""
"axon-configuration-4.8.0","axon-messaging-4.8.0","org.axonframework.config","org.axonframework.monitoring",2,6,0.3333333333333333,"org.axonframework.monitoring.MessageMonitor,org.axonframework.monitoring.NoOpMessageMonitor",""
"axon-configuration-4.8.0","axon-messaging-4.8.0","org.axonframework.config","org.axonframework.util",1,3,0.3333333333333333,"org.axonframework.util.HandlerTypeResolver",""
"axon-configuration-4.8.0","axon-messaging-4.8.0","org.axonframework.config","org.axonframework.messaging.deadletter",7,19,0.3684210526315789,"org.axonframework.messaging.deadletter.EnqueuePolicy,org.axonframework.messaging.deadletter.EnqueueDecision,org.axonframework.messaging.deadletter.SequencedDeadLetterQueue,org.axonframework.messaging.deadletter.Decisions,org.axonframework.messaging.deadletter.DeadLetter,org.axonframework.messaging.deadletter.SequencedDeadLetterProcessor,org.axonframework.messaging.deadletter.ThrowableCause",""
"axon-modelling-4.8.0","axon-messaging-4.8.0","org.axonframework.modelling.command","org.axonframework.common.lock",5,11,0.45454545454545453,"org.axonframework.common.lock.LockFactory,org.axonframework.common.lock.NoOpLock,org.axonframework.common.lock.Lock,org.axonframework.common.lock.PessimisticLockFactory,org.axonframework.common.lock.NullLockFactory",""
"axon-configuration-4.8.0","axon-messaging-4.8.0","org.axonframework.config","org.axonframework.common.transaction",2,4,0.5,"org.axonframework.common.transaction.NoTransactionManager,org.axonframework.common.transaction.TransactionManager",""
"axon-eventsourcing-4.8.0","axon-messaging-4.8.0","org.axonframework.eventsourcing","org.axonframework.common.transaction",2,4,0.5,"org.axonframework.common.transaction.NoTransactionManager,org.axonframework.common.transaction.TransactionManager",""
"axon-configuration-4.8.0","axon-messaging-4.8.0","org.axonframework.config","org.axonframework.eventhandling.deadletter",2,4,0.5,"org.axonframework.eventhandling.deadletter.DeadLetteringEventHandlerInvoker$Builder,org.axonframework.eventhandling.deadletter.DeadLetteringEventHandlerInvoker",""
"axon-configuration-4.8.0","axon-messaging-4.8.0","org.axonframework.config","org.axonframework.eventhandling.tokenstore.inmemory",1,2,0.5,"org.axonframework.eventhandling.tokenstore.inmemory.InMemoryTokenStore",""
"axon-configuration-4.8.0","axon-messaging-4.8.0","org.axonframework.config","org.axonframework.eventhandling.tokenstore.jpa",2,4,0.5,"org.axonframework.eventhandling.tokenstore.jpa.JpaTokenStore$Builder,org.axonframework.eventhandling.tokenstore.jpa.JpaTokenStore",""
"axon-configuration-4.8.0","axon-messaging-4.8.0","org.axonframework.config","org.axonframework.messaging.correlation",2,4,0.5,"org.axonframework.messaging.correlation.MessageOriginProvider,org.axonframework.messaging.correlation.CorrelationDataProvider",""
"axon-disruptor-4.8.0","axon-messaging-4.8.0","org.axonframework.disruptor.commandhandling","org.axonframework.monitoring",3,6,0.5,"org.axonframework.monitoring.MessageMonitor$MonitorCallback,org.axonframework.monitoring.MessageMonitor,org.axonframework.monitoring.NoOpMessageMonitor",""
"axon-test-4.8.0","axon-modelling-4.8.0","org.axonframework.test.saga","org.axonframework.modelling.saga.repository.inmemory",1,2,0.5,"org.axonframework.modelling.saga.repository.inmemory.InMemorySagaStore",""
"axon-configuration-4.8.0","axon-modelling-4.8.0","org.axonframework.config","org.axonframework.modelling.saga.repository.inmemory",1,2,0.5,"org.axonframework.modelling.saga.repository.inmemory.InMemorySagaStore",""
"axon-disruptor-4.8.0","axon-messaging-4.8.0","org.axonframework.disruptor.commandhandling","org.axonframework.messaging.unitofwork",8,14,0.5714285714285714,"org.axonframework.messaging.unitofwork.UnitOfWork$Phase,org.axonframework.messaging.unitofwork.ExecutionResult,org.axonframework.messaging.unitofwork.UnitOfWork,org.axonframework.messaging.unitofwork.RollbackConfiguration,org.axonframework.messaging.unitofwork.AbstractUnitOfWork,org.axonframework.messaging.unitofwork.RollbackConfigurationType,org.axonframework.messaging.unitofwork.MessageProcessingContext,org.axonframework.messaging.unitofwork.CurrentUnitOfWork",""
"axon-configuration-4.8.0","axon-messaging-4.8.0","org.axonframework.config","org.axonframework.eventhandling.gateway",3,5,0.6,"org.axonframework.eventhandling.gateway.DefaultEventGateway,org.axonframework.eventhandling.gateway.EventGateway,org.axonframework.eventhandling.gateway.DefaultEventGateway$Builder",""
"axon-configuration-4.8.0","axon-messaging-4.8.0","org.axonframework.config","org.axonframework.lifecycle",6,10,0.6,"org.axonframework.lifecycle.StartHandler,org.axonframework.lifecycle.ShutdownHandler,org.axonframework.lifecycle.Lifecycle,org.axonframework.lifecycle.LifecycleHandlerInvocationException,org.axonframework.lifecycle.Lifecycle$LifecycleHandler,org.axonframework.lifecycle.Lifecycle$LifecycleRegistry",""
"axon-test-4.8.0","axon-messaging-4.8.0","org.axonframework.test.eventscheduler","org.axonframework.eventhandling.scheduling",2,3,0.6666666666666666,"org.axonframework.eventhandling.scheduling.EventScheduler,org.axonframework.eventhandling.scheduling.ScheduleToken",""
"axon-configuration-4.8.0","axon-eventsourcing-4.8.0","org.axonframework.config","org.axonframework.eventsourcing.snapshotting",3,3,1,"org.axonframework.eventsourcing.snapshotting.SnapshotFilter,org.axonframework.eventsourcing.snapshotting.RevisionSnapshotFilter,org.axonframework.eventsourcing.snapshotting.RevisionSnapshotFilter$Builder",""
"axon-eventsourcing-4.8.0","axon-messaging-4.8.0","org.axonframework.eventsourcing.eventstore.legacyjpa","org.axonframework.common.io",1,1,1,"org.axonframework.common.io.IOUtils",""
"axon-eventsourcing-4.8.0","axon-messaging-4.8.0","org.axonframework.eventsourcing.eventstore","org.axonframework.common.io",1,1,1,"org.axonframework.common.io.IOUtils",""
"axon-eventsourcing-4.8.0","axon-messaging-4.8.0","org.axonframework.eventsourcing.eventstore.jpa","org.axonframework.common.io",1,1,1,"org.axonframework.common.io.IOUtils",""
